A, Index, Time
1, 1, 302
2, 2, 190
3, 3, 191
4, 4, 191
5, 5, 192
6, 6, 191
7, 7, 190
8, 8, 191
9, 9, 192
10, 10, 191
11, 11, 191
12, 12, 191
13, 13, 193
14, 14, 190
15, 15, 191
16, 16, 190
17, 17, 193
18, 18, 191
19, 19, 190
20, 20, 191
21, 21, 192
22, 22, 190
23, 23, 190
24, 24, 190
25, 25, 193
26, 26, 191
27, 27, 190
28, 28, 191
29, 29, 193
30, 30, 189
31, 31, 191
32, 32, 191
33, 33, 192
34, 34, 191
35, 35, 191
36, 36, 190
37, 37, 193
38, 38, 190
39, 39, 190
40, 40, 191
41, 41, 192
42, 42, 191
43, 43, 190
44, 44, 191
45, 45, 193
46, 46, 190
47, 47, 191
48, 48, 191
49, 49, 192
50, 50, 191
51, 51, 189
52, 52, 191
53, 53, 191
54, 54, 191
55, 55, 190
56, 56, 191
57, 57, 192
58, 58, 190
59, 59, 192
60, 60, 190
61, 61, 193
62, 62, 190
63, 63, 190
64, 64, 190
65, 65, 189
66, 66, 188
67, 67, 186
68, 68, 187
69, 69, 188
70, 70, 188
71, 71, 186
72, 72, 187
73, 73, 188
74, 74, 187
75, 75, 186
76, 76, 188
77, 77, 190
78, 78, 187
79, 79, 188
80, 80, 186
81, 81, 190
82, 82, 186
83, 83, 188
84, 84, 188
85, 85, 189
86, 86, 187
87, 87, 186
88, 88, 188
89, 89, 188
90, 90, 187
91, 91, 186
92, 92, 188
93, 93, 188
94, 94, 187
95, 95, 186
96, 96, 187
97, 97, 189
98, 98, 187
99, 99, 187
100, 100, 187
101, 101, 189
102, 102, 186
103, 103, 188
104, 104, 186
105, 105, 189
106, 106, 187
107, 107, 186
108, 108, 187
109, 109, 189
110, 110, 187
111, 111, 187
112, 112, 187
113, 113, 190
114, 114, 186
115, 115, 188
116, 116, 186
117, 117, 189
118, 118, 187
119, 119, 187
120, 120, 187
121, 121, 188
122, 122, 187
123, 123, 186
124, 124, 188
125, 125, 188
126, 126, 187
127, 127, 187
128, 128, 188
129, 129, 192
130, 130, 190
131, 131, 191
132, 132, 189
133, 133, 192
134, 134, 190
135, 135, 190
136, 136, 191
137, 137, 192
138, 138, 191
139, 139, 190
140, 140, 190
141, 141, 192
142, 142, 190
143, 143, 190
144, 144, 190
145, 145, 192
146, 146, 191
147, 147, 190
148, 148, 191
149, 149, 192
150, 150, 191
151, 151, 190
152, 152, 190
153, 153, 193
154, 154, 190
155, 155, 191
156, 156, 189
157, 157, 193
158, 158, 191
159, 159, 190
160, 160, 191
161, 161, 192
162, 162, 191
163, 163, 190
164, 164, 191
165, 165, 193
166, 166, 190
167, 167, 191
168, 168, 190
169, 169, 193
170, 170, 191
171, 171, 191
172, 172, 190
173, 173, 193
174, 174, 189
175, 175, 191
176, 176, 190
177, 177, 192
178, 178, 191
179, 179, 190
180, 180, 191
181, 181, 192
182, 182, 191
183, 183, 190
184, 184, 191
185, 185, 193
186, 186, 189
187, 187, 191
188, 188, 190
189, 189, 193
190, 190, 191
191, 191, 190
192, 192, 191
193, 193, 188
194, 194, 187
195, 195, 187
196, 196, 187
197, 197, 189
198, 198, 186
199, 199, 187
200, 200, 187
201, 201, 188
202, 202, 187
203, 203, 186
204, 204, 187
205, 205, 189
206, 206, 186
207, 207, 188
208, 208, 186
209, 209, 190
210, 210, 187
211, 211, 187
212, 212, 188
213, 213, 188
214, 214, 187
215, 215, 187
216, 216, 188
217, 217, 189
218, 218, 187
219, 219, 188
220, 220, 187
221, 221, 190
222, 222, 186
223, 223, 188
224, 224, 187
225, 225, 189
226, 226, 188
227, 227, 186
228, 228, 187
229, 229, 189
230, 230, 186
231, 231, 187
232, 232, 186
233, 233, 189
234, 234, 187
235, 235, 186
236, 236, 187
237, 237, 189
238, 238, 187
239, 239, 188
240, 240, 187
241, 241, 189
242, 242, 187
243, 243, 187
244, 244, 188
245, 245, 188
246, 246, 188
247, 247, 187
248, 248, 187
249, 249, 189
250, 250, 186
251, 251, 188
252, 252, 186
253, 253, 189
254, 254, 188
255, 255, 186
256, 256, 187
257, 257, 192
258, 258, 190
259, 259, 191
260, 260, 190
261, 261, 193
262, 262, 189
263, 263, 191
264, 264, 189
265, 265, 193
266, 266, 190
267, 267, 190
268, 268, 191
269, 269, 192
270, 270, 191
271, 271, 191
272, 272, 190
273, 273, 193
274, 274, 191
275, 275, 190
276, 276, 191
277, 277, 191
278, 278, 191
279, 279, 189
280, 280, 191
281, 281, 193
282, 282, 191
283, 283, 190
284, 284, 191
285, 285, 192
286, 286, 191
287, 287, 190
288, 288, 190
289, 289, 192
290, 290, 190
291, 291, 190
292, 292, 190
293, 293, 193
294, 294, 189
295, 295, 191
296, 296, 190
297, 297, 193
298, 298, 191
299, 299, 191
300, 300, 191
301, 301, 192
302, 302, 191
303, 303, 190
304, 304, 191
305, 305, 193
306, 306, 190
307, 307, 191
308, 308, 189
309, 309, 193
310, 310, 191
311, 311, 190
312, 312, 191
313, 313, 193
314, 314, 190
315, 315, 191
316, 316, 190
317, 317, 192
318, 318, 191
319, 319, 189
320, 320, 191
321, 321, 187
322, 322, 186
323, 323, 184
324, 324, 186
325, 325, 188
326, 326, 185
327, 327, 186
328, 328, 185
329, 329, 187
330, 330, 186
331, 331, 184
332, 332, 186
333, 333, 187
334, 334, 186
335, 335, 185
336, 336, 187
337, 337, 187
338, 338, 186
339, 339, 185
340, 340, 187
341, 341, 188
342, 342, 185
343, 343, 186
344, 344, 185
345, 345, 188
346, 346, 186
347, 347, 185
348, 348, 185
349, 349, 187
350, 350, 186
351, 351, 184
352, 352, 186
353, 353, 187
354, 354, 186
355, 355, 187
356, 356, 185
357, 357, 188
358, 358, 187
359, 359, 186
360, 360, 186
361, 361, 188
362, 362, 185
363, 363, 186
364, 364, 186
365, 365, 187
366, 366, 186
367, 367, 184
368, 368, 186
369, 369, 188
370, 370, 186
371, 371, 185
372, 372, 186
373, 373, 188
374, 374, 186
375, 375, 186
376, 376, 185
377, 377, 188
378, 378, 185
379, 379, 186
380, 380, 186
381, 381, 187
382, 382, 186
383, 383, 185
384, 384, 186
385, 385, 192
386, 386, 191
387, 387, 191
388, 388, 189
389, 389, 193
390, 390, 191
391, 391, 190
392, 392, 191
393, 393, 192
394, 394, 190
395, 395, 190
396, 396, 191
397, 397, 193
398, 398, 190
399, 399, 190
400, 400, 190
401, 401, 193
402, 402, 191
403, 403, 190
404, 404, 191
405, 405, 192
406, 406, 191
407, 407, 190
408, 408, 191
409, 409, 192
410, 410, 190
411, 411, 191
412, 412, 191
413, 413, 193
414, 414, 189
415, 415, 191
416, 416, 190
417, 417, 192
418, 418, 190
419, 419, 191
420, 420, 189
421, 421, 193
422, 422, 189
423, 423, 191
424, 424, 190
425, 425, 192
426, 426, 191
427, 427, 190
428, 428, 191
429, 429, 192
430, 430, 191
431, 431, 189
432, 432, 191
433, 433, 193
434, 434, 191
435, 435, 191
436, 436, 191
437, 437, 193
438, 438, 189
439, 439, 191
440, 440, 189
441, 441, 193
442, 442, 189
443, 443, 191
444, 444, 189
445, 445, 193
446, 446, 190
447, 447, 191
448, 448, 191
449, 449, 186
450, 450, 186
451, 451, 185
452, 452, 187
453, 453, 188
454, 454, 185
455, 455, 186
456, 456, 185
457, 457, 188
458, 458, 185
459, 459, 186
460, 460, 186
461, 461, 187
462, 462, 186
463, 463, 185
464, 464, 185
465, 465, 187
466, 466, 186
467, 467, 185
468, 468, 186
469, 469, 188
470, 470, 185
471, 471, 185
472, 472, 186
473, 473, 187
474, 474, 186
475, 475, 186
476, 476, 186
477, 477, 188
478, 478, 185
479, 479, 186
480, 480, 185
481, 481, 188
482, 482, 185
483, 483, 186
484, 484, 185
485, 485, 188
486, 486, 186
487, 487, 186
488, 488, 185
489, 489, 187
490, 490, 187
491, 491, 185
492, 492, 186
493, 493, 188
494, 494, 186
495, 495, 186
496, 496, 186
497, 497, 188
498, 498, 186
499, 499, 186
500, 500, 185
501, 501, 187
502, 502, 186
503, 503, 185
504, 504, 186
505, 505, 187
506, 506, 186
507, 507, 185
508, 508, 186
509, 509, 188
510, 510, 185
511, 511, 186
512, 512, 185
513, 513, 195
514, 514, 193
515, 515, 191
516, 516, 193
517, 517, 194
518, 518, 193
519, 519, 193
520, 520, 192
521, 521, 195
522, 522, 192
523, 523, 193
524, 524, 191
525, 525, 195
526, 526, 191
527, 527, 194
528, 528, 193
529, 529, 194
530, 530, 193
531, 531, 192
532, 532, 193
533, 533, 194
534, 534, 193
535, 535, 192
536, 536, 194
537, 537, 194
538, 538, 193
539, 539, 193
540, 540, 192
541, 541, 195
542, 542, 191
543, 543, 193
544, 544, 192
545, 545, 194
546, 546, 193
547, 547, 192
548, 548, 193
549, 549, 194
550, 550, 193
551, 551, 192
552, 552, 193
553, 553, 194
554, 554, 193
555, 555, 193
556, 556, 192
557, 557, 195
558, 558, 193
559, 559, 191
560, 560, 193
561, 561, 194
562, 562, 192
563, 563, 193
564, 564, 192
565, 565, 195
566, 566, 192
567, 567, 193
568, 568, 193
569, 569, 194
570, 570, 193
571, 571, 193
572, 572, 193
573, 573, 194
574, 574, 192
575, 575, 193
576, 576, 192
577, 577, 191
578, 578, 189
579, 579, 188
580, 580, 189
581, 581, 190
582, 582, 188
583, 583, 189
584, 584, 189
585, 585, 191
586, 586, 188
587, 587, 189
588, 588, 189
589, 589, 191
590, 590, 188
591, 591, 189
592, 592, 187
593, 593, 190
594, 594, 188
595, 595, 189
596, 596, 188
597, 597, 191
598, 598, 187
599, 599, 189
600, 600, 188
601, 601, 189
602, 602, 189
603, 603, 187
604, 604, 189
605, 605, 190
606, 606, 189
607, 607, 188
608, 608, 188
609, 609, 191
610, 610, 189
611, 611, 188
612, 612, 188
613, 613, 190
614, 614, 188
615, 615, 188
616, 616, 189
617, 617, 191
618, 618, 189
619, 619, 188
620, 620, 188
621, 621, 190
622, 622, 189
623, 623, 189
624, 624, 188
625, 625, 191
626, 626, 187
627, 627, 189
628, 628, 188
629, 629, 190
630, 630, 189
631, 631, 189
632, 632, 189
633, 633, 190
634, 634, 189
635, 635, 187
636, 636, 189
637, 637, 190
638, 638, 189
639, 639, 189
640, 640, 189
641, 641, 194
642, 642, 193
643, 643, 192
644, 644, 193
645, 645, 195
646, 646, 192
647, 647, 193
648, 648, 193
649, 649, 195
650, 650, 192
651, 651, 193
652, 652, 192
653, 653, 194
654, 654, 193
655, 655, 193
656, 656, 193
657, 657, 195
658, 658, 192
659, 659, 193
660, 660, 193
661, 661, 194
662, 662, 192
663, 663, 193
664, 664, 193
665, 665, 195
666, 666, 191
667, 667, 192
668, 668, 192
669, 669, 195
670, 670, 192
671, 671, 193
672, 672, 193
673, 673, 195
674, 674, 192
675, 675, 193
676, 676, 192
677, 677, 195
678, 678, 191
679, 679, 193
680, 680, 192
681, 681, 195
682, 682, 193
683, 683, 192
684, 684, 193
685, 685, 194
686, 686, 193
687, 687, 193
688, 688, 192
689, 689, 195
690, 690, 193
691, 691, 192
692, 692, 193
693, 693, 194
694, 694, 193
695, 695, 193
696, 696, 192
697, 697, 194
698, 698, 192
699, 699, 193
700, 700, 192
701, 701, 195
702, 702, 192
703, 703, 192
704, 704, 193
705, 705, 190
706, 706, 189
707, 707, 188
708, 708, 188
709, 709, 191
710, 710, 188
711, 711, 189
712, 712, 189
713, 713, 190
714, 714, 189
715, 715, 187
716, 716, 189
717, 717, 190
718, 718, 188
719, 719, 188
720, 720, 189
721, 721, 191
722, 722, 188
723, 723, 189
724, 724, 188
725, 725, 191
726, 726, 189
727, 727, 188
728, 728, 189
729, 729, 191
730, 730, 188
731, 731, 189
732, 732, 187
733, 733, 190
734, 734, 188
735, 735, 189
736, 736, 187
737, 737, 191
738, 738, 187
739, 739, 189
740, 740, 188
741, 741, 190
742, 742, 189
743, 743, 187
744, 744, 189
745, 745, 190
746, 746, 188
747, 747, 188
748, 748, 188
749, 749, 191
750, 750, 188
751, 751, 189
752, 752, 188
753, 753, 191
754, 754, 189
755, 755, 188
756, 756, 189
757, 757, 190
758, 758, 189
759, 759, 187
760, 760, 189
761, 761, 190
762, 762, 189
763, 763, 188
764, 764, 189
765, 765, 190
766, 766, 189
767, 767, 189
768, 768, 188
769, 769, 194
770, 770, 192
771, 771, 192
772, 772, 192
773, 773, 193
774, 774, 192
775, 775, 191
776, 776, 193
777, 777, 194
778, 778, 191
779, 779, 193
780, 780, 190
781, 781, 195
782, 782, 191
783, 783, 193
784, 784, 192
785, 785, 193
786, 786, 192
787, 787, 191
788, 788, 192
789, 789, 194
790, 790, 191
791, 791, 192
792, 792, 192
793, 793, 192
794, 794, 192
795, 795, 192
796, 796, 191
797, 797, 194
798, 798, 191
799, 799, 192
800, 800, 191
801, 801, 194
802, 802, 191
803, 803, 192
804, 804, 191
805, 805, 194
806, 806, 192
807, 807, 192
808, 808, 192
809, 809, 194
810, 810, 193
811, 811, 192
812, 812, 192
813, 813, 194
814, 814, 191
815, 815, 193
816, 816, 191
817, 817, 194
818, 818, 191
819, 819, 192
820, 820, 192
821, 821, 193
822, 822, 193
823, 823, 192
824, 824, 192
825, 825, 194
826, 826, 191
827, 827, 193
828, 828, 191
829, 829, 193
830, 830, 192
831, 831, 191
832, 832, 192
833, 833, 189
834, 834, 185
835, 835, 186
836, 836, 185
837, 837, 188
838, 838, 185
839, 839, 186
840, 840, 184
841, 841, 188
842, 842, 185
843, 843, 186
844, 844, 186
845, 845, 188
846, 846, 186
847, 847, 185
848, 848, 186
849, 849, 187
850, 850, 186
851, 851, 186
852, 852, 185
853, 853, 188
854, 854, 185
855, 855, 186
856, 856, 186
857, 857, 187
858, 858, 186
859, 859, 185
860, 860, 187
861, 861, 188
862, 862, 185
863, 863, 186
864, 864, 185
865, 865, 186
866, 866, 186
867, 867, 185
868, 868, 186
869, 869, 187
870, 870, 186
871, 871, 186
872, 872, 186
873, 873, 188
874, 874, 185
875, 875, 186
876, 876, 186
877, 877, 187
878, 878, 186
879, 879, 186
880, 880, 186
881, 881, 188
882, 882, 186
883, 883, 185
884, 884, 186
885, 885, 187
886, 886, 186
887, 887, 186
888, 888, 185
889, 889, 188
890, 890, 184
891, 891, 186
892, 892, 185
893, 893, 188
894, 894, 184
895, 895, 186
896, 896, 185
897, 897, 194
898, 898, 192
899, 899, 191
900, 900, 192
901, 901, 194
902, 902, 191
903, 903, 193
904, 904, 190
905, 905, 193
906, 906, 192
907, 907, 191
908, 908, 193
909, 909, 194
910, 910, 191
911, 911, 192
912, 912, 191
913, 913, 194
914, 914, 192
915, 915, 191
916, 916, 193
917, 917, 195
918, 918, 191
919, 919, 193
920, 920, 191
921, 921, 194
922, 922, 192
923, 923, 192
924, 924, 191
925, 925, 193
926, 926, 192
927, 927, 192
928, 928, 192
929, 929, 195
930, 930, 191
931, 931, 193
932, 932, 192
933, 933, 193
934, 934, 192
935, 935, 191
936, 936, 192
937, 937, 194
938, 938, 191
939, 939, 192
940, 940, 192
941, 941, 193
942, 942, 192
943, 943, 193
944, 944, 191
945, 945, 195
946, 946, 191
947, 947, 192
948, 948, 192
949, 949, 193
950, 950, 192
951, 951, 190
952, 952, 192
953, 953, 193
954, 954, 192
955, 955, 192
956, 956, 191
957, 957, 194
958, 958, 192
959, 959, 191
960, 960, 193
961, 961, 187
962, 962, 186
963, 963, 186
964, 964, 185
965, 965, 188
966, 966, 186
967, 967, 186
968, 968, 186
969, 969, 187
970, 970, 186
971, 971, 185
972, 972, 186
973, 973, 188
974, 974, 185
975, 975, 186
976, 976, 186
977, 977, 187
978, 978, 186
979, 979, 185
980, 980, 186
981, 981, 187
982, 982, 186
983, 983, 187
984, 984, 185
985, 985, 188
986, 986, 185
987, 987, 186
988, 988, 186
989, 989, 188
990, 990, 186
991, 991, 185
992, 992, 186
993, 993, 188
994, 994, 185
995, 995, 186
996, 996, 185
997, 997, 188
998, 998, 185
999, 999, 186
1000, 1000, 185
1001, 1001, 187
1002, 1002, 185
1003, 1003, 186
1004, 1004, 186
1005, 1005, 187
1006, 1006, 186
1007, 1007, 185
1008, 1008, 186
1009, 1009, 188
1010, 1010, 186
1011, 1011, 186
1012, 1012, 185
1013, 1013, 188
1014, 1014, 186
1015, 1015, 185
1016, 1016, 186
1017, 1017, 188
1018, 1018, 186
1019, 1019, 185
1020, 1020, 186
1021, 1021, 188
1022, 1022, 185
1023, 1023, 186
1024, 1024, 185
1025, 1025, 194
1026, 1026, 192
1027, 1027, 191
1028, 1028, 192
1029, 1029, 193
1030, 1030, 192
1031, 1031, 192
1032, 1032, 191
1033, 1033, 195
1034, 1034, 192
1035, 1035, 192
1036, 1036, 192
1037, 1037, 193
1038, 1038, 193
1039, 1039, 192
1040, 1040, 192
1041, 1041, 194
1042, 1042, 191
1043, 1043, 192
1044, 1044, 191
1045, 1045, 195
1046, 1046, 192
1047, 1047, 191
1048, 1048, 192
1049, 1049, 193
1050, 1050, 193
1051, 1051, 191
1052, 1052, 192
1053, 1053, 194
1054, 1054, 192
1055, 1055, 192
1056, 1056, 191
1057, 1057, 195
1058, 1058, 191
1059, 1059, 192
1060, 1060, 192
1061, 1061, 194
1062, 1062, 193
1063, 1063, 191
1064, 1064, 192
1065, 1065, 194
1066, 1066, 192
1067, 1067, 192
1068, 1068, 192
1069, 1069, 194
1070, 1070, 191
1071, 1071, 193
1072, 1072, 192
1073, 1073, 194
1074, 1074, 192
1075, 1075, 191
1076, 1076, 192
1077, 1077, 193
1078, 1078, 193
1079, 1079, 191
1080, 1080, 192
1081, 1081, 195
1082, 1082, 191
1083, 1083, 192
1084, 1084, 191
1085, 1085, 194
1086, 1086, 192
1087, 1087, 192
1088, 1088, 192
1089, 1089, 185
1090, 1090, 183
1091, 1091, 183
1092, 1092, 183
1093, 1093, 184
1094, 1094, 183
1095, 1095, 183
1096, 1096, 183
1097, 1097, 184
1098, 1098, 183
1099, 1099, 183
1100, 1100, 183
1101, 1101, 185
1102, 1102, 182
1103, 1103, 183
1104, 1104, 182
1105, 1105, 185
1106, 1106, 182
1107, 1107, 183
1108, 1108, 183
1109, 1109, 185
1110, 1110, 184
1111, 1111, 183
1112, 1112, 183
1113, 1113, 184
1114, 1114, 183
1115, 1115, 182
1116, 1116, 184
1117, 1117, 184
1118, 1118, 183
1119, 1119, 183
1120, 1120, 182
1121, 1121, 185
1122, 1122, 182
1123, 1123, 183
1124, 1124, 183
1125, 1125, 185
1126, 1126, 183
1127, 1127, 182
1128, 1128, 184
1129, 1129, 184
1130, 1130, 184
1131, 1131, 182
1132, 1132, 184
1133, 1133, 184
1134, 1134, 183
1135, 1135, 183
1136, 1136, 184
1137, 1137, 185
1138, 1138, 184
1139, 1139, 183
1140, 1140, 182
1141, 1141, 185
1142, 1142, 182
1143, 1143, 183
1144, 1144, 182
1145, 1145, 185
1146, 1146, 183
1147, 1147, 184
1148, 1148, 183
1149, 1149, 185
1150, 1150, 182
1151, 1151, 183
1152, 1152, 183
1153, 1153, 193
1154, 1154, 193
1155, 1155, 191
1156, 1156, 192
1157, 1157, 195
1158, 1158, 192
1159, 1159, 192
1160, 1160, 192
1161, 1161, 194
1162, 1162, 191
1163, 1163, 192
1164, 1164, 191
1165, 1165, 194
1166, 1166, 191
1167, 1167, 193
1168, 1168, 191
1169, 1169, 194
1170, 1170, 193
1171, 1171, 191
1172, 1172, 192
1173, 1173, 193
1174, 1174, 192
1175, 1175, 191
1176, 1176, 193
1177, 1177, 193
1178, 1178, 192
1179, 1179, 192
1180, 1180, 192
1181, 1181, 194
1182, 1182, 191
1183, 1183, 192
1184, 1184, 191
1185, 1185, 195
1186, 1186, 192
1187, 1187, 191
1188, 1188, 192
1189, 1189, 195
1190, 1190, 192
1191, 1191, 192
1192, 1192, 191
1193, 1193, 194
1194, 1194, 191
1195, 1195, 192
1196, 1196, 193
1197, 1197, 193
1198, 1198, 192
1199, 1199, 191
1200, 1200, 192
1201, 1201, 193
1202, 1202, 192
1203, 1203, 192
1204, 1204, 191
1205, 1205, 194
1206, 1206, 191
1207, 1207, 192
1208, 1208, 192
1209, 1209, 194
1210, 1210, 192
1211, 1211, 192
1212, 1212, 192
1213, 1213, 195
1214, 1214, 191
1215, 1215, 192
1216, 1216, 191
1217, 1217, 185
1218, 1218, 184
1219, 1219, 183
1220, 1220, 183
1221, 1221, 184
1222, 1222, 183
1223, 1223, 182
1224, 1224, 183
1225, 1225, 184
1226, 1226, 183
1227, 1227, 182
1228, 1228, 184
1229, 1229, 186
1230, 1230, 183
1231, 1231, 184
1232, 1232, 182
1233, 1233, 186
1234, 1234, 182
1235, 1235, 184
1236, 1236, 183
1237, 1237, 185
1238, 1238, 184
1239, 1239, 182
1240, 1240, 183
1241, 1241, 185
1242, 1242, 183
1243, 1243, 182
1244, 1244, 183
1245, 1245, 185
1246, 1246, 183
1247, 1247, 183
1248, 1248, 182
1249, 1249, 185
1250, 1250, 183
1251, 1251, 183
1252, 1252, 183
1253, 1253, 185
1254, 1254, 183
1255, 1255, 182
1256, 1256, 184
1257, 1257, 185
1258, 1258, 183
1259, 1259, 183
1260, 1260, 182
1261, 1261, 185
1262, 1262, 183
1263, 1263, 183
1264, 1264, 183
1265, 1265, 184
1266, 1266, 183
1267, 1267, 182
1268, 1268, 183
1269, 1269, 185
1270, 1270, 182
1271, 1271, 184
1272, 1272, 182
1273, 1273, 186
1274, 1274, 183
1275, 1275, 182
1276, 1276, 183
1277, 1277, 185
1278, 1278, 183
1279, 1279, 183
1280, 1280, 183
1281, 1281, 194
1282, 1282, 191
1283, 1283, 192
1284, 1284, 192
1285, 1285, 193
1286, 1286, 192
1287, 1287, 191
1288, 1288, 192
1289, 1289, 194
1290, 1290, 192
1291, 1291, 192
1292, 1292, 191
1293, 1293, 194
1294, 1294, 193
1295, 1295, 191
1296, 1296, 193
1297, 1297, 194
1298, 1298, 191
1299, 1299, 192
1300, 1300, 191
1301, 1301, 194
1302, 1302, 192
1303, 1303, 191
1304, 1304, 193
1305, 1305, 193
1306, 1306, 192
1307, 1307, 192
1308, 1308, 192
1309, 1309, 195
1310, 1310, 191
1311, 1311, 193
1312, 1312, 192
1313, 1313, 193
1314, 1314, 193
1315, 1315, 192
1316, 1316, 192
1317, 1317, 193
1318, 1318, 192
1319, 1319, 192
1320, 1320, 191
1321, 1321, 194
1322, 1322, 191
1323, 1323, 193
1324, 1324, 192
1325, 1325, 194
1326, 1326, 192
1327, 1327, 191
1328, 1328, 192
1329, 1329, 193
1330, 1330, 192
1331, 1331, 193
1332, 1332, 191
1333, 1333, 195
1334, 1334, 191
1335, 1335, 192
1336, 1336, 192
1337, 1337, 194
1338, 1338, 191
1339, 1339, 192
1340, 1340, 193
1341, 1341, 193
1342, 1342, 193
1343, 1343, 191
1344, 1344, 192
1345, 1345, 186
1346, 1346, 183
1347, 1347, 184
1348, 1348, 183
1349, 1349, 186
1350, 1350, 183
1351, 1351, 184
1352, 1352, 183
1353, 1353, 185
1354, 1354, 184
1355, 1355, 183
1356, 1356, 184
1357, 1357, 185
1358, 1358, 184
1359, 1359, 182
1360, 1360, 184
1361, 1361, 185
1362, 1362, 183
1363, 1363, 184
1364, 1364, 184
1365, 1365, 186
1366, 1366, 184
1367, 1367, 184
1368, 1368, 183
1369, 1369, 187
1370, 1370, 183
1371, 1371, 184
1372, 1372, 182
1373, 1373, 186
1374, 1374, 184
1375, 1375, 183
1376, 1376, 184
1377, 1377, 185
1378, 1378, 184
1379, 1379, 184
1380, 1380, 184
1381, 1381, 186
1382, 1382, 183
1383, 1383, 184
1384, 1384, 183
1385, 1385, 186
1386, 1386, 183
1387, 1387, 184
1388, 1388, 184
1389, 1389, 185
1390, 1390, 184
1391, 1391, 183
1392, 1392, 184
1393, 1393, 186
1394, 1394, 183
1395, 1395, 184
1396, 1396, 183
1397, 1397, 185
1398, 1398, 184
1399, 1399, 183
1400, 1400, 184
1401, 1401, 185
1402, 1402, 184
1403, 1403, 184
1404, 1404, 183
1405, 1405, 186
1406, 1406, 183
1407, 1407, 184
1408, 1408, 183
1409, 1409, 194
1410, 1410, 191
1411, 1411, 192
1412, 1412, 191
1413, 1413, 194
1414, 1414, 193
1415, 1415, 192
1416, 1416, 192
1417, 1417, 193
1418, 1418, 192
1419, 1419, 191
1420, 1420, 192
1421, 1421, 194
1422, 1422, 193
1423, 1423, 192
1424, 1424, 191
1425, 1425, 194
1426, 1426, 190
1427, 1427, 193
1428, 1428, 192
1429, 1429, 194
1430, 1430, 192
1431, 1431, 191
1432, 1432, 192
1433, 1433, 193
1434, 1434, 192
1435, 1435, 191
1436, 1436, 193
1437, 1437, 194
1438, 1438, 192
1439, 1439, 193
1440, 1440, 192
1441, 1441, 194
1442, 1442, 192
1443, 1443, 192
1444, 1444, 193
1445, 1445, 193
1446, 1446, 192
1447, 1447, 191
1448, 1448, 192
1449, 1449, 194
1450, 1450, 191
1451, 1451, 191
1452, 1452, 192
1453, 1453, 193
1454, 1454, 192
1455, 1455, 191
1456, 1456, 192
1457, 1457, 194
1458, 1458, 191
1459, 1459, 193
1460, 1460, 191
1461, 1461, 194
1462, 1462, 192
1463, 1463, 192
1464, 1464, 193
1465, 1465, 193
1466, 1466, 193
1467, 1467, 191
1468, 1468, 192
1469, 1469, 194
1470, 1470, 191
1471, 1471, 192
1472, 1472, 191
1473, 1473, 186
1474, 1474, 183
1475, 1475, 184
1476, 1476, 184
1477, 1477, 185
1478, 1478, 184
1479, 1479, 183
1480, 1480, 184
1481, 1481, 185
1482, 1482, 184
1483, 1483, 184
1484, 1484, 183
1485, 1485, 186
1486, 1486, 183
1487, 1487, 184
1488, 1488, 184
1489, 1489, 184
1490, 1490, 184
1491, 1491, 182
1492, 1492, 184
1493, 1493, 186
1494, 1494, 183
1495, 1495, 184
1496, 1496, 184
1497, 1497, 186
1498, 1498, 183
1499, 1499, 184
1500, 1500, 184
1501, 1501, 185
1502, 1502, 184
1503, 1503, 183
1504, 1504, 183
1505, 1505, 185
1506, 1506, 184
1507, 1507, 184
1508, 1508, 184
1509, 1509, 186
1510, 1510, 184
1511, 1511, 183
1512, 1512, 183
1513, 1513, 186
1514, 1514, 184
1515, 1515, 183
1516, 1516, 184
1517, 1517, 186
1518, 1518, 183
1519, 1519, 184
1520, 1520, 183
1521, 1521, 186
1522, 1522, 183
1523, 1523, 184
1524, 1524, 184
1525, 1525, 185
1526, 1526, 183
1527, 1527, 183
1528, 1528, 184
1529, 1529, 186
1530, 1530, 183
1531, 1531, 184
1532, 1532, 183
1533, 1533, 186
1534, 1534, 183
1535, 1535, 183
1536, 1536, 184
1537, 1537, 195
1538, 1538, 195
1539, 1539, 193
1540, 1540, 195
1541, 1541, 196
1542, 1542, 194
1543, 1543, 195
1544, 1544, 193
1545, 1545, 197
1546, 1546, 193
1547, 1547, 194
1548, 1548, 195
1549, 1549, 195
1550, 1550, 195
1551, 1551, 194
1552, 1552, 194
1553, 1553, 197
1554, 1554, 194
1555, 1555, 194
1556, 1556, 193
1557, 1557, 195
1558, 1558, 194
1559, 1559, 193
1560, 1560, 194
1561, 1561, 195
1562, 1562, 194
1563, 1563, 194
1564, 1564, 193
1565, 1565, 196
1566, 1566, 193
1567, 1567, 195
1568, 1568, 194
1569, 1569, 195
1570, 1570, 194
1571, 1571, 193
1572, 1572, 195
1573, 1573, 197
1574, 1574, 192
1575, 1575, 195
1576, 1576, 193
1577, 1577, 196
1578, 1578, 194
1579, 1579, 193
1580, 1580, 194
1581, 1581, 196
1582, 1582, 194
1583, 1583, 193
1584, 1584, 194
1585, 1585, 195
1586, 1586, 194
1587, 1587, 194
1588, 1588, 194
1589, 1589, 197
1590, 1590, 193
1591, 1591, 194
1592, 1592, 193
1593, 1593, 196
1594, 1594, 193
1595, 1595, 194
1596, 1596, 194
1597, 1597, 196
1598, 1598, 195
1599, 1599, 194
1600, 1600, 195
1601, 1601, 185
1602, 1602, 183
1603, 1603, 182
1604, 1604, 184
1605, 1605, 184
1606, 1606, 183
1607, 1607, 183
1608, 1608, 183
1609, 1609, 185
1610, 1610, 183
1611, 1611, 183
1612, 1612, 183
1613, 1613, 186
1614, 1614, 182
1615, 1615, 183
1616, 1616, 183
1617, 1617, 185
1618, 1618, 183
1619, 1619, 181
1620, 1620, 184
1621, 1621, 184
1622, 1622, 183
1623, 1623, 183
1624, 1624, 182
1625, 1625, 186
1626, 1626, 183
1627, 1627, 183
1628, 1628, 183
1629, 1629, 184
1630, 1630, 183
1631, 1631, 183
1632, 1632, 183
1633, 1633, 186
1634, 1634, 183
1635, 1635, 183
1636, 1636, 183
1637, 1637, 185
1638, 1638, 183
1639, 1639, 183
1640, 1640, 182
1641, 1641, 185
1642, 1642, 183
1643, 1643, 183
1644, 1644, 183
1645, 1645, 185
1646, 1646, 182
1647, 1647, 184
1648, 1648, 182
1649, 1649, 185
1650, 1650, 182
1651, 1651, 183
1652, 1652, 182
1653, 1653, 186
1654, 1654, 182
1655, 1655, 183
1656, 1656, 182
1657, 1657, 185
1658, 1658, 183
1659, 1659, 183
1660, 1660, 183
1661, 1661, 184
1662, 1662, 183
1663, 1663, 182
1664, 1664, 184
1665, 1665, 195
1666, 1666, 194
1667, 1667, 194
1668, 1668, 194
1669, 1669, 196
1670, 1670, 193
1671, 1671, 195
1672, 1672, 193
1673, 1673, 196
1674, 1674, 194
1675, 1675, 193
1676, 1676, 195
1677, 1677, 196
1678, 1678, 194
1679, 1679, 194
1680, 1680, 194
1681, 1681, 196
1682, 1682, 193
1683, 1683, 195
1684, 1684, 194
1685, 1685, 195
1686, 1686, 194
1687, 1687, 194
1688, 1688, 195
1689, 1689, 196
1690, 1690, 194
1691, 1691, 194
1692, 1692, 195
1693, 1693, 195
1694, 1694, 194
1695, 1695, 193
1696, 1696, 195
1697, 1697, 196
1698, 1698, 193
1699, 1699, 193
1700, 1700, 195
1701, 1701, 196
1702, 1702, 194
1703, 1703, 194
1704, 1704, 194
1705, 1705, 196
1706, 1706, 193
1707, 1707, 194
1708, 1708, 195
1709, 1709, 195
1710, 1710, 194
1711, 1711, 194
1712, 1712, 194
1713, 1713, 194
1714, 1714, 194
1715, 1715, 193
1716, 1716, 194
1717, 1717, 197
1718, 1718, 193
1719, 1719, 194
1720, 1720, 193
1721, 1721, 196
1722, 1722, 193
1723, 1723, 194
1724, 1724, 195
1725, 1725, 195
1726, 1726, 194
1727, 1727, 194
1728, 1728, 194
1729, 1729, 185
1730, 1730, 182
1731, 1731, 183
1732, 1732, 184
1733, 1733, 185
1734, 1734, 183
1735, 1735, 182
1736, 1736, 183
1737, 1737, 184
1738, 1738, 183
1739, 1739, 184
1740, 1740, 182
1741, 1741, 186
1742, 1742, 182
1743, 1743, 184
1744, 1744, 182
1745, 1745, 186
1746, 1746, 183
1747, 1747, 183
1748, 1748, 182
1749, 1749, 184
1750, 1750, 184
1751, 1751, 183
1752, 1752, 183
1753, 1753, 186
1754, 1754, 182
1755, 1755, 184
1756, 1756, 182
1757, 1757, 184
1758, 1758, 183
1759, 1759, 182
1760, 1760, 184
1761, 1761, 184
1762, 1762, 183
1763, 1763, 184
1764, 1764, 183
1765, 1765, 185
1766, 1766, 182
1767, 1767, 183
1768, 1768, 183
1769, 1769, 185
1770, 1770, 183
1771, 1771, 182
1772, 1772, 183
1773, 1773, 184
1774, 1774, 183
1775, 1775, 182
1776, 1776, 183
1777, 1777, 185
1778, 1778, 184
1779, 1779, 182
1780, 1780, 184
1781, 1781, 185
1782, 1782, 183
1783, 1783, 183
1784, 1784, 182
1785, 1785, 185
1786, 1786, 183
1787, 1787, 183
1788, 1788, 182
1789, 1789, 186
1790, 1790, 181
1791, 1791, 183
1792, 1792, 182
1793, 1793, 197
1794, 1794, 194
1795, 1795, 195
1796, 1796, 195
1797, 1797, 195
1798, 1798, 195
1799, 1799, 194
1800, 1800, 194
1801, 1801, 197
1802, 1802, 195
1803, 1803, 194
1804, 1804, 195
1805, 1805, 197
1806, 1806, 194
1807, 1807, 195
1808, 1808, 194
1809, 1809, 196
1810, 1810, 195
1811, 1811, 194
1812, 1812, 194
1813, 1813, 196
1814, 1814, 195
1815, 1815, 194
1816, 1816, 194
1817, 1817, 197
1818, 1818, 193
1819, 1819, 195
1820, 1820, 195
1821, 1821, 195
1822, 1822, 195
1823, 1823, 194
1824, 1824, 195
1825, 1825, 197
1826, 1826, 195
1827, 1827, 195
1828, 1828, 193
1829, 1829, 198
1830, 1830, 194
1831, 1831, 195
1832, 1832, 195
1833, 1833, 196
1834, 1834, 195
1835, 1835, 194
1836, 1836, 195
1837, 1837, 197
1838, 1838, 194
1839, 1839, 195
1840, 1840, 193
1841, 1841, 197
1842, 1842, 195
1843, 1843, 193
1844, 1844, 195
1845, 1845, 196
1846, 1846, 195
1847, 1847, 195
1848, 1848, 194
1849, 1849, 196
1850, 1850, 194
1851, 1851, 195
1852, 1852, 193
1853, 1853, 197
1854, 1854, 194
1855, 1855, 195
1856, 1856, 194
1857, 1857, 188
1858, 1858, 185
1859, 1859, 187
1860, 1860, 185
1861, 1861, 187
1862, 1862, 186
1863, 1863, 186
1864, 1864, 186
1865, 1865, 187
1866, 1866, 186
1867, 1867, 185
1868, 1868, 186
1869, 1869, 187
1870, 1870, 186
1871, 1871, 185
1872, 1872, 186
1873, 1873, 188
1874, 1874, 185
1875, 1875, 186
1876, 1876, 186
1877, 1877, 187
1878, 1878, 186
1879, 1879, 186
1880, 1880, 186
1881, 1881, 188
1882, 1882, 185
1883, 1883, 185
1884, 1884, 185
1885, 1885, 187
1886, 1886, 186
1887, 1887, 186
1888, 1888, 186
1889, 1889, 187
1890, 1890, 186
1891, 1891, 185
1892, 1892, 186
1893, 1893, 188
1894, 1894, 186
1895, 1895, 186
1896, 1896, 185
1897, 1897, 187
1898, 1898, 185
1899, 1899, 186
1900, 1900, 185
1901, 1901, 188
1902, 1902, 186
1903, 1903, 185
1904, 1904, 186
1905, 1905, 187
1906, 1906, 186
1907, 1907, 185
1908, 1908, 186
1909, 1909, 188
1910, 1910, 185
1911, 1911, 186
1912, 1912, 186
1913, 1913, 188
1914, 1914, 186
1915, 1915, 185
1916, 1916, 186
1917, 1917, 187
1918, 1918, 186
1919, 1919, 186
1920, 1920, 186
1921, 1921, 197
1922, 1922, 193
1923, 1923, 195
1924, 1924, 193
1925, 1925, 197
1926, 1926, 195
1927, 1927, 194
1928, 1928, 195
1929, 1929, 196
1930, 1930, 195
1931, 1931, 195
1932, 1932, 193
1933, 1933, 196
1934, 1934, 195
1935, 1935, 195
1936, 1936, 194
1937, 1937, 197
1938, 1938, 194
1939, 1939, 195
1940, 1940, 195
1941, 1941, 196
1942, 1942, 195
1943, 1943, 195
1944, 1944, 195
1945, 1945, 197
1946, 1946, 193
1947, 1947, 195
1948, 1948, 194
1949, 1949, 197
1950, 1950, 195
1951, 1951, 193
1952, 1952, 195
1953, 1953, 196
1954, 1954, 194
1955, 1955, 195
1956, 1956, 195
1957, 1957, 197
1958, 1958, 195
1959, 1959, 195
1960, 1960, 193
1961, 1961, 197
1962, 1962, 195
1963, 1963, 194
1964, 1964, 196
1965, 1965, 196
1966, 1966, 195
1967, 1967, 194
1968, 1968, 195
1969, 1969, 197
1970, 1970, 195
1971, 1971, 195
1972, 1972, 194
1973, 1973, 197
1974, 1974, 194
1975, 1975, 195
1976, 1976, 195
1977, 1977, 196
1978, 1978, 195
1979, 1979, 194
1980, 1980, 195
1981, 1981, 196
1982, 1982, 195
1983, 1983, 194
1984, 1984, 195
1985, 1985, 187
1986, 1986, 186
1987, 1987, 185
1988, 1988, 185
1989, 1989, 188
1990, 1990, 185
1991, 1991, 186
1992, 1992, 186
1993, 1993, 188
1994, 1994, 186
1995, 1995, 186
1996, 1996, 185
1997, 1997, 188
1998, 1998, 185
1999, 1999, 186
2000, 2000, 186
2001, 2001, 187
2002, 2002, 187
2003, 2003, 185
2004, 2004, 186
2005, 2005, 188
2006, 2006, 186
2007, 2007, 186
2008, 2008, 185
2009, 2009, 188
2010, 2010, 186
2011, 2011, 185
2012, 2012, 187
2013, 2013, 187
2014, 2014, 186
2015, 2015, 185
2016, 2016, 186
2017, 2017, 188
2018, 2018, 186
2019, 2019, 186
2020, 2020, 186
2021, 2021, 188
2022, 2022, 185
2023, 2023, 186
2024, 2024, 185
2025, 2025, 188
2026, 2026, 185
2027, 2027, 186
2028, 2028, 186
2029, 2029, 187
2030, 2030, 186
2031, 2031, 185
2032, 2032, 186
2033, 2033, 187
2034, 2034, 186
2035, 2035, 186
2036, 2036, 186
2037, 2037, 188
2038, 2038, 185
2039, 2039, 186
2040, 2040, 186
2041, 2041, 188
2042, 2042, 185
2043, 2043, 186
2044, 2044, 185
2045, 2045, 188
2046, 2046, 186
2047, 2047, 186
2048, 2048, 186
2049, 2049, 197
2050, 2050, 196
2051, 2051, 194
2052, 2052, 196
2053, 2053, 197
2054, 2054, 195
2055, 2055, 196
2056, 2056, 194
2057, 2057, 198
2058, 2058, 195
2059, 2059, 196
2060, 2060, 196
2061, 2061, 196
2062, 2062, 196
2063, 2063, 196
2064, 2064, 195
2065, 2065, 198
2066, 2066, 194
2067, 2067, 196
2068, 2068, 196
2069, 2069, 196
2070, 2070, 196
2071, 2071, 195
2072, 2072, 196
2073, 2073, 198
2074, 2074, 195
2075, 2075, 196
2076, 2076, 195
2077, 2077, 196
2078, 2078, 196
2079, 2079, 194
2080, 2080, 196
2081, 2081, 198
2082, 2082, 195
2083, 2083, 195
2084, 2084, 196
2085, 2085, 197
2086, 2086, 195
2087, 2087, 196
2088, 2088, 194
2089, 2089, 197
2090, 2090, 195
2091, 2091, 195
2092, 2092, 194
2093, 2093, 198
2094, 2094, 195
2095, 2095, 194
2096, 2096, 196
2097, 2097, 198
2098, 2098, 195
2099, 2099, 196
2100, 2100, 195
2101, 2101, 197
2102, 2102, 196
2103, 2103, 194
2104, 2104, 195
2105, 2105, 197
2106, 2106, 195
2107, 2107, 195
2108, 2108, 195
2109, 2109, 198
2110, 2110, 194
2111, 2111, 196
2112, 2112, 194
2113, 2113, 186
2114, 2114, 183
2115, 2115, 184
2116, 2116, 184
2117, 2117, 186
2118, 2118, 183
2119, 2119, 185
2120, 2120, 184
2121, 2121, 186
2122, 2122, 185
2123, 2123, 184
2124, 2124, 185
2125, 2125, 186
2126, 2126, 185
2127, 2127, 185
2128, 2128, 184
2129, 2129, 186
2130, 2130, 184
2131, 2131, 184
2132, 2132, 185
2133, 2133, 187
2134, 2134, 184
2135, 2135, 184
2136, 2136, 184
2137, 2137, 187
2138, 2138, 183
2139, 2139, 185
2140, 2140, 184
2141, 2141, 186
2142, 2142, 184
2143, 2143, 184
2144, 2144, 184
2145, 2145, 186
2146, 2146, 185
2147, 2147, 183
2148, 2148, 185
2149, 2149, 186
2150, 2150, 185
2151, 2151, 185
2152, 2152, 184
2153, 2153, 187
2154, 2154, 183
2155, 2155, 184
2156, 2156, 184
2157, 2157, 187
2158, 2158, 184
2159, 2159, 185
2160, 2160, 184
2161, 2161, 186
2162, 2162, 185
2163, 2163, 185
2164, 2164, 185
2165, 2165, 186
2166, 2166, 185
2167, 2167, 184
2168, 2168, 185
2169, 2169, 186
2170, 2170, 184
2171, 2171, 185
2172, 2172, 184
2173, 2173, 187
2174, 2174, 185
2175, 2175, 184
2176, 2176, 184
2177, 2177, 197
2178, 2178, 196
2179, 2179, 194
2180, 2180, 196
2181, 2181, 198
2182, 2182, 195
2183, 2183, 196
2184, 2184, 194
2185, 2185, 198
2186, 2186, 196
2187, 2187, 194
2188, 2188, 196
2189, 2189, 198
2190, 2190, 195
2191, 2191, 195
2192, 2192, 196
2193, 2193, 197
2194, 2194, 195
2195, 2195, 196
2196, 2196, 194
2197, 2197, 197
2198, 2198, 195
2199, 2199, 195
2200, 2200, 196
2201, 2201, 196
2202, 2202, 195
2203, 2203, 195
2204, 2204, 195
2205, 2205, 198
2206, 2206, 195
2207, 2207, 196
2208, 2208, 195
2209, 2209, 197
2210, 2210, 196
2211, 2211, 196
2212, 2212, 195
2213, 2213, 196
2214, 2214, 196
2215, 2215, 194
2216, 2216, 196
2217, 2217, 197
2218, 2218, 195
2219, 2219, 195
2220, 2220, 196
2221, 2221, 197
2222, 2222, 194
2223, 2223, 195
2224, 2224, 195
2225, 2225, 197
2226, 2226, 196
2227, 2227, 194
2228, 2228, 196
2229, 2229, 197
2230, 2230, 195
2231, 2231, 196
2232, 2232, 195
2233, 2233, 196
2234, 2234, 196
2235, 2235, 194
2236, 2236, 196
2237, 2237, 197
2238, 2238, 195
2239, 2239, 196
2240, 2240, 195
2241, 2241, 187
2242, 2242, 184
2243, 2243, 185
2244, 2244, 184
2245, 2245, 187
2246, 2246, 185
2247, 2247, 183
2248, 2248, 185
2249, 2249, 186
2250, 2250, 185
2251, 2251, 183
2252, 2252, 185
2253, 2253, 186
2254, 2254, 184
2255, 2255, 185
2256, 2256, 184
2257, 2257, 186
2258, 2258, 185
2259, 2259, 184
2260, 2260, 185
2261, 2261, 186
2262, 2262, 183
2263, 2263, 184
2264, 2264, 184
2265, 2265, 187
2266, 2266, 184
2267, 2267, 185
2268, 2268, 185
2269, 2269, 186
2270, 2270, 184
2271, 2271, 184
2272, 2272, 184
2273, 2273, 187
2274, 2274, 184
2275, 2275, 184
2276, 2276, 185
2277, 2277, 186
2278, 2278, 185
2279, 2279, 184
2280, 2280, 185
2281, 2281, 185
2282, 2282, 185
2283, 2283, 183
2284, 2284, 185
2285, 2285, 185
2286, 2286, 185
2287, 2287, 183
2288, 2288, 185
2289, 2289, 186
2290, 2290, 184
2291, 2291, 185
2292, 2292, 185
2293, 2293, 187
2294, 2294, 185
2295, 2295, 184
2296, 2296, 185
2297, 2297, 186
2298, 2298, 184
2299, 2299, 185
2300, 2300, 184
2301, 2301, 187
2302, 2302, 183
2303, 2303, 185
2304, 2304, 183
2305, 2305, 197
2306, 2306, 195
2307, 2307, 193
2308, 2308, 195
2309, 2309, 197
2310, 2310, 194
2311, 2311, 195
2312, 2312, 194
2313, 2313, 197
2314, 2314, 195
2315, 2315, 194
2316, 2316, 195
2317, 2317, 196
2318, 2318, 195
2319, 2319, 194
2320, 2320, 194
2321, 2321, 197
2322, 2322, 194
2323, 2323, 195
2324, 2324, 195
2325, 2325, 196
2326, 2326, 195
2327, 2327, 195
2328, 2328, 194
2329, 2329, 197
2330, 2330, 194
2331, 2331, 195
2332, 2332, 195
2333, 2333, 196
2334, 2334, 195
2335, 2335, 195
2336, 2336, 194
2337, 2337, 197
2338, 2338, 195
2339, 2339, 194
2340, 2340, 195
2341, 2341, 196
2342, 2342, 195
2343, 2343, 195
2344, 2344, 194
2345, 2345, 197
2346, 2346, 194
2347, 2347, 195
2348, 2348, 195
2349, 2349, 196
2350, 2350, 195
2351, 2351, 194
2352, 2352, 195
2353, 2353, 196
2354, 2354, 195
2355, 2355, 195
2356, 2356, 194
2357, 2357, 197
2358, 2358, 194
2359, 2359, 195
2360, 2360, 195
2361, 2361, 196
2362, 2362, 195
2363, 2363, 193
2364, 2364, 195
2365, 2365, 196
2366, 2366, 194
2367, 2367, 195
2368, 2368, 195
2369, 2369, 187
2370, 2370, 186
2371, 2371, 186
2372, 2372, 186
2373, 2373, 188
2374, 2374, 185
2375, 2375, 186
2376, 2376, 185
2377, 2377, 188
2378, 2378, 185
2379, 2379, 187
2380, 2380, 186
2381, 2381, 186
2382, 2382, 186
2383, 2383, 184
2384, 2384, 186
2385, 2385, 188
2386, 2386, 185
2387, 2387, 185
2388, 2388, 185
2389, 2389, 188
2390, 2390, 186
2391, 2391, 185
2392, 2392, 186
2393, 2393, 187
2394, 2394, 186
2395, 2395, 185
2396, 2396, 186
2397, 2397, 188
2398, 2398, 186
2399, 2399, 186
2400, 2400, 185
2401, 2401, 188
2402, 2402, 185
2403, 2403, 186
2404, 2404, 185
2405, 2405, 187
2406, 2406, 186
2407, 2407, 186
2408, 2408, 185
2409, 2409, 187
2410, 2410, 186
2411, 2411, 186
2412, 2412, 186
2413, 2413, 188
2414, 2414, 186
2415, 2415, 185
2416, 2416, 186
2417, 2417, 187
2418, 2418, 185
2419, 2419, 186
2420, 2420, 185
2421, 2421, 188
2422, 2422, 186
2423, 2423, 185
2424, 2424, 185
2425, 2425, 187
2426, 2426, 186
2427, 2427, 184
2428, 2428, 186
2429, 2429, 187
2430, 2430, 186
2431, 2431, 186
2432, 2432, 186
2433, 2433, 195
2434, 2434, 195
2435, 2435, 195
2436, 2436, 195
2437, 2437, 197
2438, 2438, 193
2439, 2439, 195
2440, 2440, 195
2441, 2441, 196
2442, 2442, 196
2443, 2443, 194
2444, 2444, 195
2445, 2445, 196
2446, 2446, 195
2447, 2447, 193
2448, 2448, 195
2449, 2449, 198
2450, 2450, 194
2451, 2451, 195
2452, 2452, 193
2453, 2453, 197
2454, 2454, 194
2455, 2455, 195
2456, 2456, 194
2457, 2457, 197
2458, 2458, 195
2459, 2459, 194
2460, 2460, 195
2461, 2461, 196
2462, 2462, 195
2463, 2463, 195
2464, 2464, 194
2465, 2465, 197
2466, 2466, 194
2467, 2467, 194
2468, 2468, 195
2469, 2469, 196
2470, 2470, 195
2471, 2471, 194
2472, 2472, 195
2473, 2473, 196
2474, 2474, 194
2475, 2475, 195
2476, 2476, 194
2477, 2477, 197
2478, 2478, 194
2479, 2479, 195
2480, 2480, 195
2481, 2481, 196
2482, 2482, 194
2483, 2483, 195
2484, 2484, 194
2485, 2485, 196
2486, 2486, 195
2487, 2487, 194
2488, 2488, 194
2489, 2489, 197
2490, 2490, 194
2491, 2491, 194
2492, 2492, 195
2493, 2493, 196
2494, 2494, 195
2495, 2495, 195
2496, 2496, 194
2497, 2497, 188
2498, 2498, 185
2499, 2499, 185
2500, 2500, 186
2501, 2501, 188
2502, 2502, 186
2503, 2503, 185
2504, 2504, 186
2505, 2505, 188
2506, 2506, 186
2507, 2507, 186
2508, 2508, 185
2509, 2509, 188
2510, 2510, 185
2511, 2511, 186
2512, 2512, 185
2513, 2513, 188
2514, 2514, 186
2515, 2515, 186
2516, 2516, 186
2517, 2517, 187
2518, 2518, 185
2519, 2519, 186
2520, 2520, 185
2521, 2521, 187
2522, 2522, 186
2523, 2523, 186
2524, 2524, 185
2525, 2525, 188
2526, 2526, 185
2527, 2527, 187
2528, 2528, 184
2529, 2529, 187
2530, 2530, 186
2531, 2531, 185
2532, 2532, 186
2533, 2533, 187
2534, 2534, 186
2535, 2535, 186
2536, 2536, 185
2537, 2537, 188
2538, 2538, 185
2539, 2539, 186
2540, 2540, 184
2541, 2541, 188
2542, 2542, 185
2543, 2543, 186
2544, 2544, 185
2545, 2545, 188
2546, 2546, 186
2547, 2547, 186
2548, 2548, 186
2549, 2549, 187
2550, 2550, 185
2551, 2551, 185
2552, 2552, 186
2553, 2553, 188
2554, 2554, 186
2555, 2555, 186
2556, 2556, 185
2557, 2557, 188
2558, 2558, 186
2559, 2559, 185
2560, 2560, 185
2561, 2561, 192
2562, 2562, 191
2563, 2563, 190
2564, 2564, 191
2565, 2565, 193
2566, 2566, 190
2567, 2567, 191
2568, 2568, 190
2569, 2569, 193
2570, 2570, 190
2571, 2571, 191
2572, 2572, 189
2573, 2573, 193
2574, 2574, 191
2575, 2575, 189
2576, 2576, 191
2577, 2577, 192
2578, 2578, 190
2579, 2579, 191
2580, 2580, 190
2581, 2581, 193
2582, 2582, 189
2583, 2583, 191
2584, 2584, 191
2585, 2585, 191
2586, 2586, 191
2587, 2587, 190
2588, 2588, 191
2589, 2589, 193
2590, 2590, 190
2591, 2591, 191
2592, 2592, 191
2593, 2593, 192
2594, 2594, 191
2595, 2595, 190
2596, 2596, 191
2597, 2597, 192
2598, 2598, 191
2599, 2599, 191
2600, 2600, 190
2601, 2601, 193
2602, 2602, 190
2603, 2603, 191
2604, 2604, 190
2605, 2605, 192
2606, 2606, 191
2607, 2607, 191
2608, 2608, 190
2609, 2609, 192
2610, 2610, 191
2611, 2611, 189
2612, 2612, 191
2613, 2613, 192
2614, 2614, 191
2615, 2615, 191
2616, 2616, 190
2617, 2617, 193
2618, 2618, 190
2619, 2619, 190
2620, 2620, 191
2621, 2621, 191
2622, 2622, 191
2623, 2623, 189
2624, 2624, 190
2625, 2625, 182
2626, 2626, 182
2627, 2627, 180
2628, 2628, 182
2629, 2629, 183
2630, 2630, 181
2631, 2631, 181
2632, 2632, 180
2633, 2633, 183
2634, 2634, 180
2635, 2635, 181
2636, 2636, 181
2637, 2637, 183
2638, 2638, 181
2639, 2639, 181
2640, 2640, 182
2641, 2641, 182
2642, 2642, 181
2643, 2643, 181
2644, 2644, 181
2645, 2645, 182
2646, 2646, 182
2647, 2647, 180
2648, 2648, 181
2649, 2649, 184
2650, 2650, 181
2651, 2651, 181
2652, 2652, 180
2653, 2653, 183
2654, 2654, 181
2655, 2655, 180
2656, 2656, 182
2657, 2657, 182
2658, 2658, 181
2659, 2659, 181
2660, 2660, 181
2661, 2661, 184
2662, 2662, 180
2663, 2663, 181
2664, 2664, 180
2665, 2665, 184
2666, 2666, 181
2667, 2667, 181
2668, 2668, 181
2669, 2669, 183
2670, 2670, 180
2671, 2671, 182
2672, 2672, 181
2673, 2673, 183
2674, 2674, 181
2675, 2675, 180
2676, 2676, 182
2677, 2677, 181
2678, 2678, 181
2679, 2679, 180
2680, 2680, 181
2681, 2681, 183
2682, 2682, 180
2683, 2683, 181
2684, 2684, 180
2685, 2685, 183
2686, 2686, 180
2687, 2687, 181
2688, 2688, 181
2689, 2689, 192
2690, 2690, 191
2691, 2691, 190
2692, 2692, 190
2693, 2693, 193
2694, 2694, 189
2695, 2695, 191
2696, 2696, 190
2697, 2697, 192
2698, 2698, 191
2699, 2699, 189
2700, 2700, 191
2701, 2701, 192
2702, 2702, 191
2703, 2703, 190
2704, 2704, 191
2705, 2705, 193
2706, 2706, 190
2707, 2707, 191
2708, 2708, 190
2709, 2709, 193
2710, 2710, 190
2711, 2711, 191
2712, 2712, 190
2713, 2713, 192
2714, 2714, 191
2715, 2715, 190
2716, 2716, 191
2717, 2717, 191
2718, 2718, 191
2719, 2719, 190
2720, 2720, 190
2721, 2721, 193
2722, 2722, 191
2723, 2723, 190
2724, 2724, 191
2725, 2725, 192
2726, 2726, 190
2727, 2727, 191
2728, 2728, 191
2729, 2729, 193
2730, 2730, 189
2731, 2731, 190
2732, 2732, 191
2733, 2733, 192
2734, 2734, 191
2735, 2735, 190
2736, 2736, 191
2737, 2737, 193
2738, 2738, 190
2739, 2739, 191
2740, 2740, 190
2741, 2741, 193
2742, 2742, 190
2743, 2743, 189
2744, 2744, 190
2745, 2745, 193
2746, 2746, 189
2747, 2747, 191
2748, 2748, 189
2749, 2749, 192
2750, 2750, 190
2751, 2751, 190
2752, 2752, 191
2753, 2753, 183
2754, 2754, 181
2755, 2755, 180
2756, 2756, 180
2757, 2757, 183
2758, 2758, 181
2759, 2759, 181
2760, 2760, 181
2761, 2761, 183
2762, 2762, 180
2763, 2763, 181
2764, 2764, 181
2765, 2765, 183
2766, 2766, 180
2767, 2767, 182
2768, 2768, 180
2769, 2769, 183
2770, 2770, 180
2771, 2771, 181
2772, 2772, 181
2773, 2773, 183
2774, 2774, 181
2775, 2775, 181
2776, 2776, 182
2777, 2777, 183
2778, 2778, 180
2779, 2779, 180
2780, 2780, 181
2781, 2781, 183
2782, 2782, 181
2783, 2783, 181
2784, 2784, 181
2785, 2785, 183
2786, 2786, 180
2787, 2787, 181
2788, 2788, 180
2789, 2789, 183
2790, 2790, 181
2791, 2791, 181
2792, 2792, 182
2793, 2793, 183
2794, 2794, 181
2795, 2795, 181
2796, 2796, 180
2797, 2797, 183
2798, 2798, 181
2799, 2799, 181
2800, 2800, 180
2801, 2801, 183
2802, 2802, 181
2803, 2803, 181
2804, 2804, 181
2805, 2805, 183
2806, 2806, 181
2807, 2807, 180
2808, 2808, 181
2809, 2809, 182
2810, 2810, 181
2811, 2811, 181
2812, 2812, 181
2813, 2813, 182
2814, 2814, 181
2815, 2815, 181
2816, 2816, 180
2817, 2817, 197
2818, 2818, 193
2819, 2819, 195
2820, 2820, 195
2821, 2821, 195
2822, 2822, 194
2823, 2823, 192
2824, 2824, 195
2825, 2825, 196
2826, 2826, 194
2827, 2827, 194
2828, 2828, 194
2829, 2829, 196
2830, 2830, 194
2831, 2831, 193
2832, 2832, 193
2833, 2833, 197
2834, 2834, 193
2835, 2835, 195
2836, 2836, 193
2837, 2837, 195
2838, 2838, 194
2839, 2839, 193
2840, 2840, 195
2841, 2841, 195
2842, 2842, 194
2843, 2843, 193
2844, 2844, 194
2845, 2845, 196
2846, 2846, 194
2847, 2847, 194
2848, 2848, 193
2849, 2849, 195
2850, 2850, 195
2851, 2851, 193
2852, 2852, 194
2853, 2853, 195
2854, 2854, 194
2855, 2855, 194
2856, 2856, 194
2857, 2857, 196
2858, 2858, 193
2859, 2859, 194
2860, 2860, 192
2861, 2861, 196
2862, 2862, 193
2863, 2863, 194
2864, 2864, 194
2865, 2865, 195
2866, 2866, 193
2867, 2867, 193
2868, 2868, 194
2869, 2869, 195
2870, 2870, 194
2871, 2871, 194
2872, 2872, 193
2873, 2873, 196
2874, 2874, 194
2875, 2875, 193
2876, 2876, 195
2877, 2877, 195
2878, 2878, 195
2879, 2879, 193
2880, 2880, 194
2881, 2881, 188
2882, 2882, 185
2883, 2883, 185
2884, 2884, 185
2885, 2885, 188
2886, 2886, 185
2887, 2887, 186
2888, 2888, 185
2889, 2889, 187
2890, 2890, 185
2891, 2891, 185
2892, 2892, 186
2893, 2893, 188
2894, 2894, 186
2895, 2895, 185
2896, 2896, 186
2897, 2897, 188
2898, 2898, 185
2899, 2899, 186
2900, 2900, 186
2901, 2901, 186
2902, 2902, 186
2903, 2903, 185
2904, 2904, 186
2905, 2905, 188
2906, 2906, 185
2907, 2907, 186
2908, 2908, 185
2909, 2909, 188
2910, 2910, 185
2911, 2911, 185
2912, 2912, 185
2913, 2913, 188
2914, 2914, 185
2915, 2915, 186
2916, 2916, 185
2917, 2917, 188
2918, 2918, 186
2919, 2919, 186
2920, 2920, 186
2921, 2921, 187
2922, 2922, 186
2923, 2923, 185
2924, 2924, 186
2925, 2925, 186
2926, 2926, 186
2927, 2927, 186
2928, 2928, 185
2929, 2929, 188
2930, 2930, 185
2931, 2931, 186
2932, 2932, 185
2933, 2933, 187
2934, 2934, 186
2935, 2935, 185
2936, 2936, 186
2937, 2937, 188
2938, 2938, 186
2939, 2939, 185
2940, 2940, 186
2941, 2941, 188
2942, 2942, 185
2943, 2943, 185
2944, 2944, 185
2945, 2945, 197
2946, 2946, 194
2947, 2947, 194
2948, 2948, 194
2949, 2949, 195
2950, 2950, 194
2951, 2951, 194
2952, 2952, 194
2953, 2953, 195
2954, 2954, 194
2955, 2955, 194
2956, 2956, 193
2957, 2957, 197
2958, 2958, 193
2959, 2959, 194
2960, 2960, 194
2961, 2961, 196
2962, 2962, 195
2963, 2963, 192
2964, 2964, 195
2965, 2965, 195
2966, 2966, 194
2967, 2967, 195
2968, 2968, 192
2969, 2969, 197
2970, 2970, 194
2971, 2971, 194
2972, 2972, 195
2973, 2973, 196
2974, 2974, 194
2975, 2975, 195
2976, 2976, 193
2977, 2977, 196
2978, 2978, 193
2979, 2979, 195
2980, 2980, 193
2981, 2981, 197
2982, 2982, 194
2983, 2983, 193
2984, 2984, 195
2985, 2985, 195
2986, 2986, 194
2987, 2987, 194
2988, 2988, 193
2989, 2989, 197
2990, 2990, 193
2991, 2991, 193
2992, 2992, 195
2993, 2993, 195
2994, 2994, 194
2995, 2995, 195
2996, 2996, 193
2997, 2997, 196
2998, 2998, 195
2999, 2999, 194
3000, 3000, 194
3001, 3001, 195
3002, 3002, 194
3003, 3003, 194
3004, 3004, 194
3005, 3005, 196
3006, 3006, 193
3007, 3007, 194
3008, 3008, 193
3009, 3009, 188
3010, 3010, 185
3011, 3011, 186
3012, 3012, 186
3013, 3013, 187
3014, 3014, 186
3015, 3015, 185
3016, 3016, 186
3017, 3017, 187
3018, 3018, 185
3019, 3019, 185
3020, 3020, 185
3021, 3021, 189
3022, 3022, 184
3023, 3023, 186
3024, 3024, 185
3025, 3025, 188
3026, 3026, 185
3027, 3027, 185
3028, 3028, 186
3029, 3029, 186
3030, 3030, 187
3031, 3031, 185
3032, 3032, 186
3033, 3033, 188
3034, 3034, 184
3035, 3035, 185
3036, 3036, 185
3037, 3037, 188
3038, 3038, 185
3039, 3039, 186
3040, 3040, 185
3041, 3041, 188
3042, 3042, 186
3043, 3043, 186
3044, 3044, 185
3045, 3045, 187
3046, 3046, 184
3047, 3047, 186
3048, 3048, 184
3049, 3049, 188
3050, 3050, 185
3051, 3051, 186
3052, 3052, 186
3053, 3053, 187
3054, 3054, 186
3055, 3055, 185
3056, 3056, 186
3057, 3057, 187
3058, 3058, 186
3059, 3059, 185
3060, 3060, 185
3061, 3061, 187
3062, 3062, 186
3063, 3063, 186
3064, 3064, 185
3065, 3065, 188
3066, 3066, 185
3067, 3067, 186
3068, 3068, 185
3069, 3069, 186
3070, 3070, 186
3071, 3071, 185
3072, 3072, 186
3073, 3073, 195
3074, 3074, 192
3075, 3075, 193
3076, 3076, 193
3077, 3077, 194
3078, 3078, 193
3079, 3079, 193
3080, 3080, 192
3081, 3081, 195
3082, 3082, 192
3083, 3083, 193
3084, 3084, 194
3085, 3085, 195
3086, 3086, 192
3087, 3087, 193
3088, 3088, 192
3089, 3089, 195
3090, 3090, 193
3091, 3091, 193
3092, 3092, 193
3093, 3093, 194
3094, 3094, 194
3095, 3095, 191
3096, 3096, 193
3097, 3097, 194
3098, 3098, 193
3099, 3099, 193
3100, 3100, 192
3101, 3101, 195
3102, 3102, 192
3103, 3103, 193
3104, 3104, 192
3105, 3105, 194
3106, 3106, 193
3107, 3107, 192
3108, 3108, 193
3109, 3109, 195
3110, 3110, 192
3111, 3111, 193
3112, 3112, 192
3113, 3113, 195
3114, 3114, 193
3115, 3115, 193
3116, 3116, 192
3117, 3117, 194
3118, 3118, 193
3119, 3119, 192
3120, 3120, 193
3121, 3121, 195
3122, 3122, 192
3123, 3123, 193
3124, 3124, 192
3125, 3125, 195
3126, 3126, 192
3127, 3127, 193
3128, 3128, 193
3129, 3129, 194
3130, 3130, 192
3131, 3131, 193
3132, 3132, 193
3133, 3133, 195
3134, 3134, 192
3135, 3135, 193
3136, 3136, 192
3137, 3137, 191
3138, 3138, 189
3139, 3139, 188
3140, 3140, 189
3141, 3141, 190
3142, 3142, 189
3143, 3143, 189
3144, 3144, 188
3145, 3145, 190
3146, 3146, 188
3147, 3147, 189
3148, 3148, 188
3149, 3149, 190
3150, 3150, 189
3151, 3151, 187
3152, 3152, 188
3153, 3153, 190
3154, 3154, 189
3155, 3155, 187
3156, 3156, 189
3157, 3157, 190
3158, 3158, 188
3159, 3159, 188
3160, 3160, 189
3161, 3161, 191
3162, 3162, 189
3163, 3163, 188
3164, 3164, 189
3165, 3165, 191
3166, 3166, 187
3167, 3167, 189
3168, 3168, 188
3169, 3169, 190
3170, 3170, 189
3171, 3171, 188
3172, 3172, 189
3173, 3173, 189
3174, 3174, 189
3175, 3175, 188
3176, 3176, 188
3177, 3177, 191
3178, 3178, 187
3179, 3179, 189
3180, 3180, 188
3181, 3181, 190
3182, 3182, 189
3183, 3183, 188
3184, 3184, 189
3185, 3185, 190
3186, 3186, 187
3187, 3187, 189
3188, 3188, 187
3189, 3189, 190
3190, 3190, 189
3191, 3191, 188
3192, 3192, 189
3193, 3193, 190
3194, 3194, 189
3195, 3195, 188
3196, 3196, 189
3197, 3197, 191
3198, 3198, 187
3199, 3199, 189
3200, 3200, 188
3201, 3201, 195
3202, 3202, 192
3203, 3203, 193
3204, 3204, 192
3205, 3205, 195
3206, 3206, 192
3207, 3207, 192
3208, 3208, 193
3209, 3209, 195
3210, 3210, 192
3211, 3211, 192
3212, 3212, 192
3213, 3213, 195
3214, 3214, 191
3215, 3215, 193
3216, 3216, 192
3217, 3217, 194
3218, 3218, 193
3219, 3219, 192
3220, 3220, 193
3221, 3221, 193
3222, 3222, 193
3223, 3223, 192
3224, 3224, 193
3225, 3225, 195
3226, 3226, 191
3227, 3227, 193
3228, 3228, 192
3229, 3229, 195
3230, 3230, 193
3231, 3231, 192
3232, 3232, 193
3233, 3233, 193
3234, 3234, 193
3235, 3235, 192
3236, 3236, 193
3237, 3237, 195
3238, 3238, 191
3239, 3239, 193
3240, 3240, 192
3241, 3241, 194
3242, 3242, 193
3243, 3243, 191
3244, 3244, 193
3245, 3245, 194
3246, 3246, 193
3247, 3247, 192
3248, 3248, 193
3249, 3249, 195
3250, 3250, 192
3251, 3251, 193
3252, 3252, 192
3253, 3253, 194
3254, 3254, 193
3255, 3255, 192
3256, 3256, 192
3257, 3257, 195
3258, 3258, 192
3259, 3259, 193
3260, 3260, 192
3261, 3261, 194
3262, 3262, 193
3263, 3263, 192
3264, 3264, 193
3265, 3265, 191
3266, 3266, 188
3267, 3267, 189
3268, 3268, 188
3269, 3269, 191
3270, 3270, 188
3271, 3271, 189
3272, 3272, 189
3273, 3273, 190
3274, 3274, 189
3275, 3275, 189
3276, 3276, 189
3277, 3277, 190
3278, 3278, 188
3279, 3279, 189
3280, 3280, 187
3281, 3281, 191
3282, 3282, 187
3283, 3283, 189
3284, 3284, 187
3285, 3285, 191
3286, 3286, 189
3287, 3287, 188
3288, 3288, 189
3289, 3289, 190
3290, 3290, 189
3291, 3291, 188
3292, 3292, 188
3293, 3293, 190
3294, 3294, 188
3295, 3295, 189
3296, 3296, 189
3297, 3297, 190
3298, 3298, 188
3299, 3299, 188
3300, 3300, 189
3301, 3301, 189
3302, 3302, 189
3303, 3303, 188
3304, 3304, 188
3305, 3305, 191
3306, 3306, 188
3307, 3307, 188
3308, 3308, 188
3309, 3309, 191
3310, 3310, 189
3311, 3311, 188
3312, 3312, 188
3313, 3313, 190
3314, 3314, 189
3315, 3315, 188
3316, 3316, 189
3317, 3317, 191
3318, 3318, 187
3319, 3319, 189
3320, 3320, 187
3321, 3321, 191
3322, 3322, 188
3323, 3323, 188
3324, 3324, 189
3325, 3325, 190
3326, 3326, 189
3327, 3327, 189
3328, 3328, 188
3329, 3329, 196
3330, 3330, 192
3331, 3331, 194
3332, 3332, 192
3333, 3333, 196
3334, 3334, 193
3335, 3335, 193
3336, 3336, 193
3337, 3337, 195
3338, 3338, 192
3339, 3339, 194
3340, 3340, 192
3341, 3341, 196
3342, 3342, 193
3343, 3343, 193
3344, 3344, 194
3345, 3345, 194
3346, 3346, 194
3347, 3347, 194
3348, 3348, 192
3349, 3349, 196
3350, 3350, 193
3351, 3351, 193
3352, 3352, 193
3353, 3353, 196
3354, 3354, 193
3355, 3355, 194
3356, 3356, 192
3357, 3357, 196
3358, 3358, 192
3359, 3359, 194
3360, 3360, 192
3361, 3361, 196
3362, 3362, 194
3363, 3363, 192
3364, 3364, 194
3365, 3365, 195
3366, 3366, 193
3367, 3367, 193
3368, 3368, 193
3369, 3369, 195
3370, 3370, 194
3371, 3371, 192
3372, 3372, 194
3373, 3373, 194
3374, 3374, 194
3375, 3375, 194
3376, 3376, 192
3377, 3377, 196
3378, 3378, 193
3379, 3379, 193
3380, 3380, 193
3381, 3381, 195
3382, 3382, 194
3383, 3383, 193
3384, 3384, 193
3385, 3385, 196
3386, 3386, 192
3387, 3387, 193
3388, 3388, 192
3389, 3389, 196
3390, 3390, 193
3391, 3391, 193
3392, 3392, 193
3393, 3393, 189
3394, 3394, 188
3395, 3395, 186
3396, 3396, 187
3397, 3397, 188
3398, 3398, 188
3399, 3399, 186
3400, 3400, 188
3401, 3401, 188
3402, 3402, 188
3403, 3403, 186
3404, 3404, 187
3405, 3405, 188
3406, 3406, 187
3407, 3407, 186
3408, 3408, 187
3409, 3409, 188
3410, 3410, 188
3411, 3411, 186
3412, 3412, 187
3413, 3413, 189
3414, 3414, 187
3415, 3415, 187
3416, 3416, 187
3417, 3417, 189
3418, 3418, 187
3419, 3419, 187
3420, 3420, 187
3421, 3421, 189
3422, 3422, 187
3423, 3423, 186
3424, 3424, 188
3425, 3425, 190
3426, 3426, 186
3427, 3427, 188
3428, 3428, 187
3429, 3429, 189
3430, 3430, 187
3431, 3431, 186
3432, 3432, 188
3433, 3433, 188
3434, 3434, 188
3435, 3435, 186
3436, 3436, 187
3437, 3437, 189
3438, 3438, 186
3439, 3439, 188
3440, 3440, 186
3441, 3441, 190
3442, 3442, 187
3443, 3443, 187
3444, 3444, 187
3445, 3445, 189
3446, 3446, 188
3447, 3447, 187
3448, 3448, 186
3449, 3449, 190
3450, 3450, 186
3451, 3451, 187
3452, 3452, 187
3453, 3453, 189
3454, 3454, 187
3455, 3455, 186
3456, 3456, 188
3457, 3457, 196
3458, 3458, 194
3459, 3459, 193
3460, 3460, 193
3461, 3461, 196
3462, 3462, 193
3463, 3463, 194
3464, 3464, 194
3465, 3465, 194
3466, 3466, 194
3467, 3467, 193
3468, 3468, 193
3469, 3469, 196
3470, 3470, 194
3471, 3471, 193
3472, 3472, 193
3473, 3473, 195
3474, 3474, 194
3475, 3475, 192
3476, 3476, 194
3477, 3477, 195
3478, 3478, 193
3479, 3479, 193
3480, 3480, 194
3481, 3481, 194
3482, 3482, 194
3483, 3483, 193
3484, 3484, 192
3485, 3485, 195
3486, 3486, 193
3487, 3487, 193
3488, 3488, 193
3489, 3489, 194
3490, 3490, 193
3491, 3491, 193
3492, 3492, 193
3493, 3493, 196
3494, 3494, 193
3495, 3495, 194
3496, 3496, 193
3497, 3497, 195
3498, 3498, 193
3499, 3499, 194
3500, 3500, 193
3501, 3501, 196
3502, 3502, 192
3503, 3503, 194
3504, 3504, 193
3505, 3505, 195
3506, 3506, 194
3507, 3507, 193
3508, 3508, 193
3509, 3509, 195
3510, 3510, 194
3511, 3511, 192
3512, 3512, 194
3513, 3513, 196
3514, 3514, 192
3515, 3515, 193
3516, 3516, 193
3517, 3517, 196
3518, 3518, 193
3519, 3519, 194
3520, 3520, 194
3521, 3521, 188
3522, 3522, 187
3523, 3523, 186
3524, 3524, 188
3525, 3525, 189
3526, 3526, 188
3527, 3527, 187
3528, 3528, 187
3529, 3529, 190
3530, 3530, 187
3531, 3531, 187
3532, 3532, 188
3533, 3533, 189
3534, 3534, 188
3535, 3535, 186
3536, 3536, 188
3537, 3537, 190
3538, 3538, 186
3539, 3539, 187
3540, 3540, 186
3541, 3541, 190
3542, 3542, 188
3543, 3543, 187
3544, 3544, 187
3545, 3545, 190
3546, 3546, 187
3547, 3547, 188
3548, 3548, 188
3549, 3549, 188
3550, 3550, 187
3551, 3551, 186
3552, 3552, 187
3553, 3553, 189
3554, 3554, 187
3555, 3555, 188
3556, 3556, 186
3557, 3557, 189
3558, 3558, 187
3559, 3559, 187
3560, 3560, 187
3561, 3561, 189
3562, 3562, 187
3563, 3563, 186
3564, 3564, 187
3565, 3565, 190
3566, 3566, 186
3567, 3567, 187
3568, 3568, 187
3569, 3569, 188
3570, 3570, 188
3571, 3571, 186
3572, 3572, 188
3573, 3573, 188
3574, 3574, 187
3575, 3575, 187
3576, 3576, 187
3577, 3577, 190
3578, 3578, 187
3579, 3579, 187
3580, 3580, 187
3581, 3581, 188
3582, 3582, 187
3583, 3583, 186
3584, 3584, 188
3585, 3585, 195
3586, 3586, 192
3587, 3587, 193
3588, 3588, 192
3589, 3589, 194
3590, 3590, 192
3591, 3591, 193
3592, 3592, 193
3593, 3593, 194
3594, 3594, 193
3595, 3595, 191
3596, 3596, 193
3597, 3597, 195
3598, 3598, 192
3599, 3599, 193
3600, 3600, 191
3601, 3601, 195
3602, 3602, 193
3603, 3603, 192
3604, 3604, 193
3605, 3605, 194
3606, 3606, 193
3607, 3607, 192
3608, 3608, 193
3609, 3609, 194
3610, 3610, 192
3611, 3611, 193
3612, 3612, 191
3613, 3613, 195
3614, 3614, 192
3615, 3615, 192
3616, 3616, 193
3617, 3617, 194
3618, 3618, 193
3619, 3619, 193
3620, 3620, 192
3621, 3621, 195
3622, 3622, 193
3623, 3623, 191
3624, 3624, 193
3625, 3625, 194
3626, 3626, 192
3627, 3627, 193
3628, 3628, 192
3629, 3629, 195
3630, 3630, 193
3631, 3631, 191
3632, 3632, 193
3633, 3633, 195
3634, 3634, 193
3635, 3635, 192
3636, 3636, 193
3637, 3637, 195
3638, 3638, 193
3639, 3639, 193
3640, 3640, 191
3641, 3641, 195
3642, 3642, 192
3643, 3643, 192
3644, 3644, 193
3645, 3645, 193
3646, 3646, 193
3647, 3647, 193
3648, 3648, 193
3649, 3649, 191
3650, 3650, 188
3651, 3651, 190
3652, 3652, 188
3653, 3653, 192
3654, 3654, 189
3655, 3655, 188
3656, 3656, 190
3657, 3657, 190
3658, 3658, 189
3659, 3659, 189
3660, 3660, 189
3661, 3661, 192
3662, 3662, 187
3663, 3663, 189
3664, 3664, 188
3665, 3665, 192
3666, 3666, 189
3667, 3667, 189
3668, 3668, 190
3669, 3669, 190
3670, 3670, 190
3671, 3671, 188
3672, 3672, 189
3673, 3673, 192
3674, 3674, 188
3675, 3675, 189
3676, 3676, 189
3677, 3677, 191
3678, 3678, 189
3679, 3679, 188
3680, 3680, 190
3681, 3681, 190
3682, 3682, 189
3683, 3683, 190
3684, 3684, 189
3685, 3685, 191
3686, 3686, 190
3687, 3687, 189
3688, 3688, 189
3689, 3689, 191
3690, 3690, 189
3691, 3691, 189
3692, 3692, 189
3693, 3693, 191
3694, 3694, 189
3695, 3695, 190
3696, 3696, 188
3697, 3697, 192
3698, 3698, 189
3699, 3699, 188
3700, 3700, 189
3701, 3701, 191
3702, 3702, 189
3703, 3703, 189
3704, 3704, 189
3705, 3705, 192
3706, 3706, 188
3707, 3707, 189
3708, 3708, 188
3709, 3709, 192
3710, 3710, 188
3711, 3711, 189
3712, 3712, 189
3713, 3713, 194
3714, 3714, 193
3715, 3715, 192
3716, 3716, 193
3717, 3717, 195
3718, 3718, 193
3719, 3719, 193
3720, 3720, 191
3721, 3721, 195
3722, 3722, 193
3723, 3723, 192
3724, 3724, 193
3725, 3725, 195
3726, 3726, 192
3727, 3727, 193
3728, 3728, 191
3729, 3729, 194
3730, 3730, 192
3731, 3731, 192
3732, 3732, 193
3733, 3733, 195
3734, 3734, 193
3735, 3735, 193
3736, 3736, 193
3737, 3737, 194
3738, 3738, 193
3739, 3739, 192
3740, 3740, 193
3741, 3741, 194
3742, 3742, 193
3743, 3743, 191
3744, 3744, 193
3745, 3745, 194
3746, 3746, 192
3747, 3747, 192
3748, 3748, 192
3749, 3749, 194
3750, 3750, 192
3751, 3751, 193
3752, 3752, 193
3753, 3753, 195
3754, 3754, 193
3755, 3755, 191
3756, 3756, 192
3757, 3757, 194
3758, 3758, 193
3759, 3759, 192
3760, 3760, 192
3761, 3761, 194
3762, 3762, 192
3763, 3763, 193
3764, 3764, 191
3765, 3765, 195
3766, 3766, 193
3767, 3767, 192
3768, 3768, 193
3769, 3769, 195
3770, 3770, 192
3771, 3771, 192
3772, 3772, 193
3773, 3773, 193
3774, 3774, 193
3775, 3775, 192
3776, 3776, 192
3777, 3777, 191
3778, 3778, 188
3779, 3779, 190
3780, 3780, 188
3781, 3781, 191
3782, 3782, 189
3783, 3783, 188
3784, 3784, 190
3785, 3785, 190
3786, 3786, 189
3787, 3787, 188
3788, 3788, 189
3789, 3789, 191
3790, 3790, 189
3791, 3791, 189
3792, 3792, 189
3793, 3793, 191
3794, 3794, 188
3795, 3795, 189
3796, 3796, 188
3797, 3797, 191
3798, 3798, 189
3799, 3799, 189
3800, 3800, 189
3801, 3801, 190
3802, 3802, 190
3803, 3803, 188
3804, 3804, 189
3805, 3805, 192
3806, 3806, 188
3807, 3807, 189
3808, 3808, 189
3809, 3809, 191
3810, 3810, 190
3811, 3811, 189
3812, 3812, 190
3813, 3813, 191
3814, 3814, 189
3815, 3815, 189
3816, 3816, 189
3817, 3817, 192
3818, 3818, 188
3819, 3819, 189
3820, 3820, 188
3821, 3821, 191
3822, 3822, 190
3823, 3823, 188
3824, 3824, 190
3825, 3825, 191
3826, 3826, 189
3827, 3827, 189
3828, 3828, 189
3829, 3829, 191
3830, 3830, 189
3831, 3831, 190
3832, 3832, 189
3833, 3833, 190
3834, 3834, 190
3835, 3835, 188
3836, 3836, 189
3837, 3837, 191
3838, 3838, 189
3839, 3839, 189
3840, 3840, 189
3841, 3841, 191
3842, 3842, 187
3843, 3843, 189
3844, 3844, 188
3845, 3845, 191
3846, 3846, 188
3847, 3847, 189
3848, 3848, 189
3849, 3849, 190
3850, 3850, 189
3851, 3851, 188
3852, 3852, 189
3853, 3853, 189
3854, 3854, 189
3855, 3855, 189
3856, 3856, 188
3857, 3857, 191
3858, 3858, 189
3859, 3859, 189
3860, 3860, 189
3861, 3861, 189
3862, 3862, 189
3863, 3863, 187
3864, 3864, 189
3865, 3865, 191
3866, 3866, 189
3867, 3867, 188
3868, 3868, 189
3869, 3869, 191
3870, 3870, 188
3871, 3871, 189
3872, 3872, 189
3873, 3873, 191
3874, 3874, 188
3875, 3875, 189
3876, 3876, 187
3877, 3877, 191
3878, 3878, 188
3879, 3879, 188
3880, 3880, 188
3881, 3881, 190
3882, 3882, 189
3883, 3883, 188
3884, 3884, 189
3885, 3885, 191
3886, 3886, 188
3887, 3887, 189
3888, 3888, 187
3889, 3889, 191
3890, 3890, 189
3891, 3891, 188
3892, 3892, 189
3893, 3893, 190
3894, 3894, 188
3895, 3895, 188
3896, 3896, 188
3897, 3897, 191
3898, 3898, 187
3899, 3899, 189
3900, 3900, 187
3901, 3901, 191
3902, 3902, 189
3903, 3903, 187
3904, 3904, 189
3905, 3905, 185
3906, 3906, 184
3907, 3907, 184
3908, 3908, 184
3909, 3909, 186
3910, 3910, 183
3911, 3911, 184
3912, 3912, 182
3913, 3913, 187
3914, 3914, 183
3915, 3915, 184
3916, 3916, 184
3917, 3917, 185
3918, 3918, 184
3919, 3919, 182
3920, 3920, 184
3921, 3921, 186
3922, 3922, 184
3923, 3923, 184
3924, 3924, 184
3925, 3925, 186
3926, 3926, 183
3927, 3927, 184
3928, 3928, 183
3929, 3929, 186
3930, 3930, 183
3931, 3931, 183
3932, 3932, 184
3933, 3933, 185
3934, 3934, 184
3935, 3935, 183
3936, 3936, 184
3937, 3937, 186
3938, 3938, 183
3939, 3939, 184
3940, 3940, 183
3941, 3941, 186
3942, 3942, 184
3943, 3943, 184
3944, 3944, 184
3945, 3945, 185
3946, 3946, 184
3947, 3947, 184
3948, 3948, 183
3949, 3949, 186
3950, 3950, 182
3951, 3951, 184
3952, 3952, 183
3953, 3953, 186
3954, 3954, 184
3955, 3955, 183
3956, 3956, 184
3957, 3957, 186
3958, 3958, 183
3959, 3959, 184
3960, 3960, 184
3961, 3961, 185
3962, 3962, 184
3963, 3963, 183
3964, 3964, 184
3965, 3965, 185
3966, 3966, 184
3967, 3967, 183
3968, 3968, 184
3969, 3969, 190
3970, 3970, 188
3971, 3971, 188
3972, 3972, 189
3973, 3973, 190
3974, 3974, 189
3975, 3975, 188
3976, 3976, 189
3977, 3977, 191
3978, 3978, 187
3979, 3979, 189
3980, 3980, 188
3981, 3981, 191
3982, 3982, 187
3983, 3983, 189
3984, 3984, 189
3985, 3985, 190
3986, 3986, 189
3987, 3987, 187
3988, 3988, 188
3989, 3989, 191
3990, 3990, 188
3991, 3991, 189
3992, 3992, 188
3993, 3993, 190
3994, 3994, 188
3995, 3995, 189
3996, 3996, 188
3997, 3997, 190
3998, 3998, 188
3999, 3999, 189
4000, 4000, 187
4001, 4001, 191
4002, 4002, 189
4003, 4003, 188
4004, 4004, 189
4005, 4005, 190
4006, 4006, 188
4007, 4007, 188
4008, 4008, 189
4009, 4009, 190
4010, 4010, 188
4011, 4011, 189
4012, 4012, 188
4013, 4013, 190
4014, 4014, 189
4015, 4015, 188
4016, 4016, 189
4017, 4017, 189
4018, 4018, 189
4019, 4019, 188
4020, 4020, 188
4021, 4021, 191
4022, 4022, 188
4023, 4023, 189
4024, 4024, 188
4025, 4025, 191
4026, 4026, 189
4027, 4027, 188
4028, 4028, 189
4029, 4029, 189
4030, 4030, 189
4031, 4031, 188
4032, 4032, 189
4033, 4033, 186
4034, 4034, 183
4035, 4035, 184
4036, 4036, 183
4037, 4037, 186
4038, 4038, 183
4039, 4039, 184
4040, 4040, 183
4041, 4041, 185
4042, 4042, 184
4043, 4043, 184
4044, 4044, 184
4045, 4045, 185
4046, 4046, 184
4047, 4047, 184
4048, 4048, 183
4049, 4049, 186
4050, 4050, 183
4051, 4051, 183
4052, 4052, 184
4053, 4053, 184
4054, 4054, 184
4055, 4055, 182
4056, 4056, 184
4057, 4057, 185
4058, 4058, 184
4059, 4059, 183
4060, 4060, 184
4061, 4061, 186
4062, 4062, 183
4063, 4063, 184
4064, 4064, 183
4065, 4065, 186
4066, 4066, 183
4067, 4067, 184
4068, 4068, 183
4069, 4069, 186
4070, 4070, 183
4071, 4071, 184
4072, 4072, 183
4073, 4073, 186
4074, 4074, 184
4075, 4075, 183
4076, 4076, 184
4077, 4077, 184
4078, 4078, 184
4079, 4079, 182
4080, 4080, 184
4081, 4081, 185
4082, 4082, 184
4083, 4083, 184
4084, 4084, 183
4085, 4085, 186
4086, 4086, 183
4087, 4087, 184
4088, 4088, 183
4089, 4089, 185
4090, 4090, 184
4091, 4091, 184
4092, 4092, 183
4093, 4093, 186
4094, 4094, 182
4095, 4095, 184
0, 0, 183
